date,observed_hours,hourly_total,daily_total,difference
2011-01-01,24,985,985,0
2011-01-02,23,801,801,0
2011-01-03,22,1349,1349,0
2011-01-04,23,1562,1562,0
2011-01-05,23,1600,1600,0
2011-01-06,23,1606,1606,0
2011-01-07,23,1510,1510,0
2011-01-08,24,959,959,0
2011-01-09,24,822,822,0
2011-01-10,24,1321,1321,0
2011-01-11,22,1263,1263,0
2011-01-12,22,1162,1162,0
2011-01-13,24,1406,1406,0
2011-01-14,23,1421,1421,0
2011-01-15,24,1248,1248,0
2011-01-16,24,1204,1204,0
2011-01-17,24,1000,1000,0
2011-01-18,12,683,683,0
2011-01-19,23,1650,1650,0
2011-01-20,24,1927,1927,0
2011-01-21,24,1543,1543,0
2011-01-22,23,981,981,0
2011-01-23,23,986,986,0
2011-01-24,23,1416,1416,0
2011-01-25,23,1985,1985,0
2011-01-26,16,506,506,0
2011-01-27,8,431,431,0
2011-01-28,23,1167,1167,0
2011-01-29,23,1098,1098,0
2011-01-30,23,1096,1096,0
2011-01-31,24,1501,1501,0
2011-02-01,23,1360,1360,0
2011-02-02,24,1526,1526,0
2011-02-03,23,1550,1550,0
2011-02-04,23,1708,1708,0
2011-02-05,24,1005,1005,0
2011-02-06,24,1623,1623,0
2011-02-07,24,1712,1712,0
2011-02-08,24,1530,1530,0
2011-02-09,23,1605,1605,0
2011-02-10,23,1538,1538,0
2011-02-11,22,1746,1746,0
2011-02-12,24,1472,1472,0
2011-02-13,23,1589,1589,0
2011-02-14,24,1913,1913,0
2011-02-15,23,1815,1815,0
2011-02-16,23,2115,2115,0
2011-02-17,24,2475,2475,0
2011-02-18,24,2927,2927,0
2011-02-19,24,1635,1635,0
2011-02-20,23,1812,1812,0
2011-02-21,24,1107,1107,0
2011-02-22,18,1450,1450,0
2011-02-23,23,1917,1917,0
2011-02-24,23,1807,1807,0
2011-02-25,23,1461,1461,0
2011-02-26,24,1969,1969,0
2011-02-27,23,2402,2402,0
2011-02-28,22,1446,1446,0
2011-03-01,24,1851,1851,0
2011-03-02,24,2134,2134,0
2011-03-03,24,1685,1685,0
2011-03-04,24,1944,1944,0
2011-03-05,24,2077,2077,0
2011-03-06,23,605,605,0
2011-03-07,23,1872,1872,0
2011-03-08,24,2133,2133,0
2011-03-09,24,1891,1891,0
2011-03-10,22,623,623,0
2011-03-11,23,1977,1977,0
2011-03-12,24,2132,2132,0
2011-03-13,23,2417,2417,0
2011-03-14,23,2046,2046,0
2011-03-15,23,2056,2056,0
2011-03-16,23,2192,2192,0
2011-03-17,24,2744,2744,0
2011-03-18,23,3239,3239,0
2011-03-19,24,3117,3117,0
2011-03-20,24,2471,2471,0
2011-03-21,23,2077,2077,0
2011-03-22,24,2703,2703,0
2011-03-23,23,2121,2121,0
2011-03-24,24,1865,1865,0
2011-03-25,24,2210,2210,0
2011-03-26,24,2496,2496,0
2011-03-27,23,1693,1693,0
2011-03-28,23,2028,2028,0
2011-03-29,24,2425,2425,0
2011-03-30,24,1536,1536,0
2011-03-31,24,1685,1685,0
2011-04-01,24,2227,2227,0
2011-04-02,24,2252,2252,0
2011-04-03,24,3249,3249,0
2011-04-04,24,3115,3115,0
2011-04-05,24,1795,1795,0
2011-04-06,24,2808,2808,0
2011-04-07,24,3141,3141,0
2011-04-08,24,1471,1471,0
2011-04-09,24,2455,2455,0
2011-04-10,24,2895,2895,0
2011-04-11,23,3348,3348,0
2011-04-12,24,2034,2034,0
2011-04-13,24,2162,2162,0
2011-04-14,24,3267,3267,0
2011-04-15,24,3126,3126,0
2011-04-16,24,795,795,0
2011-04-17,24,3744,3744,0
2011-04-18,24,3429,3429,0
2011-04-19,24,3204,3204,0
2011-04-20,24,3944,3944,0
2011-04-21,24,4189,4189,0
2011-04-22,24,1683,1683,0
2011-04-23,24,4036,4036,0
2011-04-24,24,4191,4191,0
2011-04-25,24,4073,4073,0
2011-04-26,24,4400,4400,0
2011-04-27,24,3872,3872,0
2011-04-28,24,4058,4058,0
2011-04-29,24,4595,4595,0
2011-04-30,24,5312,5312,0
2011-05-01,24,3351,3351,0
2011-05-02,24,4401,4401,0
2011-05-03,24,4451,4451,0
2011-05-04,24,2633,2633,0
2011-05-05,24,4433,4433,0
2011-05-06,24,4608,4608,0
2011-05-07,24,4714,4714,0
2011-05-08,24,4333,4333,0
2011-05-09,24,4362,4362,0
2011-05-10,24,4803,4803,0
2011-05-11,24,4182,4182,0
2011-05-12,24,4864,4864,0
2011-05-13,24,4105,4105,0
2011-05-14,24,3409,3409,0
2011-05-15,24,4553,4553,0
2011-05-16,24,3958,3958,0
2011-05-17,24,4123,4123,0
2011-05-18,24,3855,3855,0
2011-05-19,24,4575,4575,0
2011-05-20,24,4917,4917,0
2011-05-21,24,5805,5805,0
2011-05-22,24,4660,4660,0
2011-05-23,24,4274,4274,0
2011-05-24,24,4492,4492,0
2011-05-25,24,4978,4978,0
2011-05-26,24,4677,4677,0
2011-05-27,24,4679,4679,0
2011-05-28,24,4758,4758,0
2011-05-29,24,4788,4788,0
2011-05-30,24,4098,4098,0
2011-05-31,24,3982,3982,0
2011-06-01,24,3974,3974,0
2011-06-02,24,4968,4968,0
2011-06-03,24,5312,5312,0
2011-06-04,24,5342,5342,0
2011-06-05,24,4906,4906,0
2011-06-06,24,4548,4548,0
2011-06-07,24,4833,4833,0
2011-06-08,24,4401,4401,0
2011-06-09,24,3915,3915,0
2011-06-10,24,4586,4586,0
2011-06-11,24,4966,4966,0
2011-06-12,24,4460,4460,0
2011-06-13,24,5020,5020,0
2011-06-14,24,4891,4891,0
2011-06-15,24,5180,5180,0
2011-06-16,24,3767,3767,0
2011-06-17,24,4844,4844,0
2011-06-18,24,5119,5119,0
2011-06-19,24,4744,4744,0
2011-06-20,24,4010,4010,0
2011-06-21,24,4835,4835,0
2011-06-22,24,4507,4507,0
2011-06-23,24,4790,4790,0
2011-06-24,24,4991,4991,0
2011-06-25,24,5202,5202,0
2011-06-26,24,5305,5305,0
2011-06-27,24,4708,4708,0
2011-06-28,24,4648,4648,0
2011-06-29,24,5225,5225,0
2011-06-30,24,5515,5515,0
2011-07-01,24,5362,5362,0
2011-07-02,24,5119,5119,0
2011-07-03,24,4649,4649,0
2011-07-04,24,6043,6043,0
2011-07-05,24,4665,4665,0
2011-07-06,24,4629,4629,0
2011-07-07,24,4592,4592,0
2011-07-08,24,4040,4040,0
2011-07-09,24,5336,5336,0
2011-07-10,24,4881,4881,0
2011-07-11,24,4086,4086,0
2011-07-12,24,4258,4258,0
2011-07-13,24,4342,4342,0
2011-07-14,24,5084,5084,0
2011-07-15,24,5538,5538,0
2011-07-16,24,5923,5923,0
2011-07-17,24,5302,5302,0
2011-07-18,24,4458,4458,0
2011-07-19,24,4541,4541,0
2011-07-20,24,4332,4332,0
2011-07-21,24,3784,3784,0
2011-07-22,24,3387,3387,0
2011-07-23,24,3285,3285,0
2011-07-24,24,3606,3606,0
2011-07-25,24,3840,3840,0
2011-07-26,24,4590,4590,0
2011-07-27,24,4656,4656,0
2011-07-28,24,4390,4390,0
2011-07-29,24,3846,3846,0
2011-07-30,24,4475,4475,0
2011-07-31,24,4302,4302,0
2011-08-01,24,4266,4266,0
2011-08-02,24,4845,4845,0
2011-08-03,24,3574,3574,0
2011-08-04,24,4576,4576,0
2011-08-05,24,4866,4866,0
2011-08-06,24,4294,4294,0
2011-08-07,24,3785,3785,0
2011-08-08,24,4326,4326,0
2011-08-09,24,4602,4602,0
2011-08-10,24,4780,4780,0
2011-08-11,24,4792,4792,0
2011-08-12,24,4905,4905,0
2011-08-13,24,4150,4150,0
2011-08-14,24,3820,3820,0
2011-08-15,24,4338,4338,0
2011-08-16,24,4725,4725,0
2011-08-17,24,4694,4694,0
2011-08-18,24,3805,3805,0
2011-08-19,24,4153,4153,0
2011-08-20,24,5191,5191,0
2011-08-21,24,3873,3873,0
2011-08-22,24,4758,4758,0
2011-08-23,24,5895,5895,0
2011-08-24,24,5130,5130,0
2011-08-25,24,3542,3542,0
2011-08-26,24,4661,4661,0
2011-08-27,18,1115,1115,0
2011-08-28,17,4334,4334,0
2011-08-29,24,4634,4634,0
2011-08-30,24,5204,5204,0
2011-08-31,24,5058,5058,0
2011-09-01,24,5115,5115,0
2011-09-02,24,4727,4727,0
2011-09-03,24,4484,4484,0
2011-09-04,24,4940,4940,0
2011-09-05,24,3351,3351,0
2011-09-06,23,2710,2710,0
2011-09-07,24,1996,1996,0
2011-09-08,23,1842,1842,0
2011-09-09,24,3544,3544,0
2011-09-10,24,5345,5345,0
2011-09-11,24,5046,5046,0
2011-09-12,23,4713,4713,0
2011-09-13,24,4763,4763,0
2011-09-14,24,4785,4785,0
2011-09-15,24,3659,3659,0
2011-09-16,24,4760,4760,0
2011-09-17,24,4511,4511,0
2011-09-18,24,4274,4274,0
2011-09-19,24,4539,4539,0
2011-09-20,24,3641,3641,0
2011-09-21,24,4352,4352,0
2011-09-22,24,4795,4795,0
2011-09-23,24,2395,2395,0
2011-09-24,24,5423,5423,0
2011-09-25,24,5010,5010,0
2011-09-26,24,4630,4630,0
2011-09-27,24,4120,4120,0
2011-09-28,24,3907,3907,0
2011-09-29,24,4839,4839,0
2011-09-30,24,5202,5202,0
2011-10-01,24,2429,2429,0
2011-10-02,24,2918,2918,0
2011-10-03,24,3570,3570,0
2011-10-04,24,4456,4456,0
2011-10-05,24,4826,4826,0
2011-10-06,24,4765,4765,0
2011-10-07,24,4985,4985,0
2011-10-08,24,5409,5409,0
2011-10-09,24,5511,5511,0
2011-10-10,24,5117,5117,0
2011-10-11,24,4563,4563,0
2011-10-12,24,2416,2416,0
2011-10-13,24,2913,2913,0
2011-10-14,24,3644,3644,0
2011-10-15,24,5217,5217,0
2011-10-16,24,5041,5041,0
2011-10-17,24,4570,4570,0
2011-10-18,24,4748,4748,0
2011-10-19,23,2424,2424,0
2011-10-20,24,4195,4195,0
2011-10-21,24,4304,4304,0
2011-10-22,24,4308,4308,0
2011-10-23,24,4381,4381,0
2011-10-24,24,4187,4187,0
2011-10-25,24,4687,4687,0
2011-10-26,24,3894,3894,0
2011-10-27,24,2659,2659,0
2011-10-28,24,3747,3747,0
2011-10-29,24,627,627,0
2011-10-30,24,3331,3331,0
2011-10-31,24,3669,3669,0
2011-11-01,24,4068,4068,0
2011-11-02,24,4186,4186,0
2011-11-03,24,3974,3974,0
2011-11-04,24,4046,4046,0
2011-11-05,24,3926,3926,0
2011-11-06,24,3649,3649,0
2011-11-07,24,4035,4035,0
2011-11-08,24,4205,4205,0
2011-11-09,24,4109,4109,0
2011-11-10,24,2933,2933,0
2011-11-11,24,3368,3368,0
2011-11-12,24,4067,4067,0
2011-11-13,24,3717,3717,0
2011-11-14,24,4486,4486,0
2011-11-15,24,4195,4195,0
2011-11-16,24,1817,1817,0
2011-11-17,24,3053,3053,0
2011-11-18,24,3392,3392,0
2011-11-19,24,3663,3663,0
2011-11-20,24,3520,3520,0
2011-11-21,24,2765,2765,0
2011-11-22,24,1607,1607,0
2011-11-23,24,2566,2566,0
2011-11-24,24,1495,1495,0
2011-11-25,24,2792,2792,0
2011-11-26,24,3068,3068,0
2011-11-27,24,3071,3071,0
2011-11-28,23,3867,3867,0
2011-11-29,24,2914,2914,0
2011-11-30,24,3613,3613,0
2011-12-01,24,3727,3727,0
2011-12-02,24,3940,3940,0
2011-12-03,24,3614,3614,0
2011-12-04,24,3485,3485,0
2011-12-05,24,3811,3811,0
2011-12-06,24,2594,2594,0
2011-12-07,24,705,705,0
2011-12-08,24,3322,3322,0
2011-12-09,24,3620,3620,0
2011-12-10,24,3190,3190,0
2011-12-11,24,2743,2743,0
2011-12-12,24,3310,3310,0
2011-12-13,24,3523,3523,0
2011-12-14,24,3740,3740,0
2011-12-15,24,3709,3709,0
2011-12-16,24,3577,3577,0
2011-12-17,24,2739,2739,0
2011-12-18,24,2431,2431,0
2011-12-19,24,3403,3403,0
2011-12-20,24,3750,3750,0
2011-12-21,24,2660,2660,0
2011-12-22,24,3068,3068,0
2011-12-23,24,2209,2209,0
2011-12-24,24,1011,1011,0
2011-12-25,23,754,754,0
2011-12-26,23,1317,1317,0
2011-12-27,24,1162,1162,0
2011-12-28,23,2302,2302,0
2011-12-29,24,2423,2423,0
2011-12-30,24,2999,2999,0
2011-12-31,24,2485,2485,0
2012-01-01,24,2294,2294,0
2012-01-02,23,1951,1951,0
2012-01-03,24,2236,2236,0
2012-01-04,24,2368,2368,0
2012-01-05,24,3272,3272,0
2012-01-06,24,4098,4098,0
2012-01-07,24,4521,4521,0
2012-01-08,24,3425,3425,0
2012-01-09,24,2376,2376,0
2012-01-10,23,3598,3598,0
2012-01-11,24,2177,2177,0
2012-01-12,24,4097,4097,0
2012-01-13,24,3214,3214,0
2012-01-14,24,2493,2493,0
2012-01-15,24,2311,2311,0
2012-01-16,24,2298,2298,0
2012-01-17,23,2935,2935,0
2012-01-18,24,3376,3376,0
2012-01-19,24,3292,3292,0
2012-01-20,24,3163,3163,0
2012-01-21,24,1301,1301,0
2012-01-22,24,1977,1977,0
2012-01-23,24,2432,2432,0
2012-01-24,24,4339,4339,0
2012-01-25,24,4270,4270,0
2012-01-26,24,4075,4075,0
2012-01-27,24,3456,3456,0
2012-01-28,24,4023,4023,0
2012-01-29,24,3243,3243,0
2012-01-30,24,3624,3624,0
2012-01-31,24,4509,4509,0
2012-02-01,24,4579,4579,0
2012-02-02,24,3761,3761,0
2012-02-03,24,4151,4151,0
2012-02-04,24,2832,2832,0
2012-02-05,24,2947,2947,0
2012-02-06,23,3784,3784,0
2012-02-07,24,4375,4375,0
2012-02-08,24,2802,2802,0
2012-02-09,24,3830,3830,0
2012-02-10,24,3831,3831,0
2012-02-11,24,2169,2169,0
2012-02-12,24,1529,1529,0
2012-02-13,24,3422,3422,0
2012-02-14,24,3922,3922,0
2012-02-15,24,4169,4169,0
2012-02-16,24,3005,3005,0
2012-02-17,24,4154,4154,0
2012-02-18,24,4318,4318,0
2012-02-19,24,2689,2689,0
2012-02-20,23,3129,3129,0
2012-02-21,23,3777,3777,0
2012-02-22,24,4773,4773,0
2012-02-23,24,5062,5062,0
2012-02-24,24,3487,3487,0
2012-02-25,24,2732,2732,0
2012-02-26,24,3389,3389,0
2012-02-27,24,4322,4322,0
2012-02-28,24,4363,4363,0
2012-02-29,23,1834,1834,0
2012-03-01,24,4990,4990,0
2012-03-02,24,3194,3194,0
2012-03-03,24,4066,4066,0
2012-03-04,24,3423,3423,0
2012-03-05,24,3333,3333,0
2012-03-06,24,3956,3956,0
2012-03-07,24,4916,4916,0
2012-03-08,24,5382,5382,0
2012-03-09,24,4569,4569,0
2012-03-10,24,4118,4118,0
2012-03-11,23,4911,4911,0
2012-03-12,24,5298,5298,0
2012-03-13,24,5847,5847,0
2012-03-14,24,6312,6312,0
2012-03-15,24,6192,6192,0
2012-03-16,24,4378,4378,0
2012-03-17,24,7836,7836,0
2012-03-18,24,5892,5892,0
2012-03-19,24,6153,6153,0
2012-03-20,24,6093,6093,0
2012-03-21,24,6230,6230,0
2012-03-22,24,6871,6871,0
2012-03-23,24,8362,8362,0
2012-03-24,24,3372,3372,0
2012-03-25,24,4996,4996,0
2012-03-26,24,5558,5558,0
2012-03-27,24,5102,5102,0
2012-03-28,24,5698,5698,0
2012-03-29,24,6133,6133,0
2012-03-30,24,5459,5459,0
2012-03-31,24,6235,6235,0
2012-04-01,24,6041,6041,0
2012-04-02,23,5936,5936,0
2012-04-03,24,6772,6772,0
2012-04-04,24,6436,6436,0
2012-04-05,24,6457,6457,0
2012-04-06,24,6460,6460,0
2012-04-07,24,6857,6857,0
2012-04-08,24,5169,5169,0
2012-04-09,24,5585,5585,0
2012-04-10,24,5918,5918,0
2012-04-11,23,4862,4862,0
2012-04-12,24,5409,5409,0
2012-04-13,24,6398,6398,0
2012-04-14,24,7460,7460,0
2012-04-15,24,7132,7132,0
2012-04-16,24,6370,6370,0
2012-04-17,24,6691,6691,0
2012-04-18,24,4367,4367,0
2012-04-19,24,6565,6565,0
2012-04-20,24,7290,7290,0
2012-04-21,24,6624,6624,0
2012-04-22,24,1027,1027,0
2012-04-23,24,3214,3214,0
2012-04-24,24,5633,5633,0
2012-04-25,24,6196,6196,0
2012-04-26,24,5026,5026,0
2012-04-27,24,6233,6233,0
2012-04-28,24,4220,4220,0
2012-04-29,24,6304,6304,0
2012-04-30,24,5572,5572,0
2012-05-01,24,5740,5740,0
2012-05-02,24,6169,6169,0
2012-05-03,24,6421,6421,0
2012-05-04,24,6296,6296,0
2012-05-05,24,6883,6883,0
2012-05-06,24,6359,6359,0
2012-05-07,24,6273,6273,0
2012-05-08,24,5728,5728,0
2012-05-09,24,4717,4717,0
2012-05-10,24,6572,6572,0
2012-05-11,24,7030,7030,0
2012-05-12,24,7429,7429,0
2012-05-13,24,6118,6118,0
2012-05-14,24,2843,2843,0
2012-05-15,24,5115,5115,0
2012-05-16,24,7424,7424,0
2012-05-17,24,7384,7384,0
2012-05-18,24,7639,7639,0
2012-05-19,24,8294,8294,0
2012-05-20,24,7129,7129,0
2012-05-21,24,4359,4359,0
2012-05-22,24,6073,6073,0
2012-05-23,24,5260,5260,0
2012-05-24,24,6770,6770,0
2012-05-25,24,6734,6734,0
2012-05-26,24,6536,6536,0
2012-05-27,24,6591,6591,0
2012-05-28,24,6043,6043,0
2012-05-29,24,5743,5743,0
2012-05-30,24,6855,6855,0
2012-05-31,24,7338,7338,0
2012-06-01,24,4127,4127,0
2012-06-02,24,8120,8120,0
2012-06-03,24,7641,7641,0
2012-06-04,24,6998,6998,0
2012-06-05,24,7001,7001,0
2012-06-06,24,7055,7055,0
2012-06-07,24,7494,7494,0
2012-06-08,24,7736,7736,0
2012-06-09,24,7498,7498,0
2012-06-10,24,6598,6598,0
2012-06-11,24,6664,6664,0
2012-06-12,24,4972,4972,0
2012-06-13,24,7421,7421,0
2012-06-14,24,7363,7363,0
2012-06-15,24,7665,7665,0
2012-06-16,24,7702,7702,0
2012-06-17,24,6978,6978,0
2012-06-18,24,5099,5099,0
2012-06-19,24,6825,6825,0
2012-06-20,24,6211,6211,0
2012-06-21,24,5905,5905,0
2012-06-22,24,5823,5823,0
2012-06-23,24,7458,7458,0
2012-06-24,24,6891,6891,0
2012-06-25,24,6779,6779,0
2012-06-26,24,7442,7442,0
2012-06-27,24,7335,7335,0
2012-06-28,24,6879,6879,0
2012-06-29,24,5463,5463,0
2012-06-30,24,5687,5687,0
2012-07-01,24,5531,5531,0
2012-07-02,24,6227,6227,0
2012-07-03,24,6660,6660,0
2012-07-04,24,7403,7403,0
2012-07-05,24,6241,6241,0
2012-07-06,24,6207,6207,0
2012-07-07,24,4840,4840,0
2012-07-08,24,4672,4672,0
2012-07-09,24,6569,6569,0
2012-07-10,24,6290,6290,0
2012-07-11,24,7264,7264,0
2012-07-12,24,7446,7446,0
2012-07-13,24,7499,7499,0
2012-07-14,24,6969,6969,0
2012-07-15,24,6031,6031,0
2012-07-16,24,6830,6830,0
2012-07-17,24,6786,6786,0
2012-07-18,24,5713,5713,0
2012-07-19,24,6591,6591,0
2012-07-20,24,5870,5870,0
2012-07-21,24,4459,4459,0
2012-07-22,24,7410,7410,0
2012-07-23,24,6966,6966,0
2012-07-24,24,7592,7592,0
2012-07-25,24,8173,8173,0
2012-07-26,24,6861,6861,0
2012-07-27,24,6904,6904,0
2012-07-28,24,6685,6685,0
2012-07-29,24,6597,6597,0
2012-07-30,24,7105,7105,0
2012-07-31,24,7216,7216,0
2012-08-01,24,7580,7580,0
2012-08-02,24,7261,7261,0
2012-08-03,24,7175,7175,0
2012-08-04,24,6824,6824,0
2012-08-05,24,5464,5464,0
2012-08-06,24,7013,7013,0
2012-08-07,24,7273,7273,0
2012-08-08,24,7534,7534,0
2012-08-09,24,7286,7286,0
2012-08-10,24,5786,5786,0
2012-08-11,24,6299,6299,0
2012-08-12,24,6544,6544,0
2012-08-13,24,6883,6883,0
2012-08-14,24,6784,6784,0
2012-08-15,24,7347,7347,0
2012-08-16,24,7605,7605,0
2012-08-17,24,7148,7148,0
2012-08-18,24,7865,7865,0
2012-08-19,24,4549,4549,0
2012-08-20,24,6530,6530,0
2012-08-21,24,7006,7006,0
2012-08-22,24,7375,7375,0
2012-08-23,24,7765,7765,0
2012-08-24,24,7582,7582,0
2012-08-25,24,6053,6053,0
2012-08-26,24,5255,5255,0
2012-08-27,24,6917,6917,0
2012-08-28,24,7040,7040,0
2012-08-29,24,7697,7697,0
2012-08-30,24,7713,7713,0
2012-08-31,24,7350,7350,0
2012-09-01,24,6140,6140,0
2012-09-02,24,5810,5810,0
2012-09-03,24,6034,6034,0
2012-09-04,24,6864,6864,0
2012-09-05,24,7112,7112,0
2012-09-06,24,6203,6203,0
2012-09-07,24,7504,7504,0
2012-09-08,24,5976,5976,0
2012-09-09,24,8227,8227,0
2012-09-10,24,7525,7525,0
2012-09-11,24,7767,7767,0
2012-09-12,24,7870,7870,0
2012-09-13,24,7804,7804,0
2012-09-14,24,8009,8009,0
2012-09-15,24,8714,8714,0
2012-09-16,24,7333,7333,0
2012-09-17,24,6869,6869,0
2012-09-18,24,4073,4073,0
2012-09-19,24,7591,7591,0
2012-09-20,24,7720,7720,0
2012-09-21,24,8167,8167,0
2012-09-22,24,8395,8395,0
2012-09-23,24,7907,7907,0
2012-09-24,24,7436,7436,0
2012-09-25,24,7538,7538,0
2012-09-26,24,7733,7733,0
2012-09-27,24,7393,7393,0
2012-09-28,24,7415,7415,0
2012-09-29,24,8555,8555,0
2012-09-30,24,6889,6889,0
2012-10-01,24,6778,6778,0
2012-10-02,24,4639,4639,0
2012-10-03,24,7572,7572,0
2012-10-04,24,7328,7328,0
2012-10-05,24,8156,8156,0
2012-10-06,24,7965,7965,0
2012-10-07,24,3510,3510,0
2012-10-08,24,5478,5478,0
2012-10-09,24,6392,6392,0
2012-10-10,24,7691,7691,0
2012-10-11,24,7570,7570,0
2012-10-12,24,7282,7282,0
2012-10-13,24,7109,7109,0
2012-10-14,24,6639,6639,0
2012-10-15,24,5875,5875,0
2012-10-16,24,7534,7534,0
2012-10-17,24,7461,7461,0
2012-10-18,24,7509,7509,0
2012-10-19,24,5424,5424,0
2012-10-20,24,8090,8090,0
2012-10-21,24,6824,6824,0
2012-10-22,24,7058,7058,0
2012-10-23,24,7466,7466,0
2012-10-24,24,7693,7693,0
2012-10-25,24,7359,7359,0
2012-10-26,24,7444,7444,0
2012-10-27,24,7852,7852,0
2012-10-28,24,4459,4459,0
2012-10-29,1,22,22,0
2012-10-30,11,1096,1096,0
2012-10-31,24,5566,5566,0
2012-11-01,24,5986,5986,0
2012-11-02,24,5847,5847,0
2012-11-03,24,5138,5138,0
2012-11-04,24,5107,5107,0
2012-11-05,24,5259,5259,0
2012-11-06,24,5686,5686,0
2012-11-07,24,5035,5035,0
2012-11-08,23,5315,5315,0
2012-11-09,24,5992,5992,0
2012-11-10,24,6536,6536,0
2012-11-11,24,6852,6852,0
2012-11-12,24,6269,6269,0
2012-11-13,24,4094,4094,0
2012-11-14,24,5495,5495,0
2012-11-15,24,5445,5445,0
2012-11-16,24,5698,5698,0
2012-11-17,24,5629,5629,0
2012-11-18,24,4669,4669,0
2012-11-19,24,5499,5499,0
2012-11-20,24,5634,5634,0
2012-11-21,24,5146,5146,0
2012-11-22,24,2425,2425,0
2012-11-23,24,3910,3910,0
2012-11-24,24,2277,2277,0
2012-11-25,24,2424,2424,0
2012-11-26,24,5087,5087,0
2012-11-27,24,3959,3959,0
2012-11-28,24,5260,5260,0
2012-11-29,23,5323,5323,0
2012-11-30,24,5668,5668,0
2012-12-01,24,5191,5191,0
2012-12-02,24,4649,4649,0
2012-12-03,24,6234,6234,0
2012-12-04,24,6606,6606,0
2012-12-05,24,5729,5729,0
2012-12-06,24,5375,5375,0
2012-12-07,24,5008,5008,0
2012-12-08,24,5582,5582,0
2012-12-09,24,3228,3228,0
2012-12-10,24,5170,5170,0
2012-12-11,24,5501,5501,0
2012-12-12,24,5319,5319,0
2012-12-13,24,5532,5532,0
2012-12-14,24,5611,5611,0
2012-12-15,24,5047,5047,0
2012-12-16,24,3786,3786,0
2012-12-17,24,4585,4585,0
2012-12-18,24,5557,5557,0
2012-12-19,24,5267,5267,0
2012-12-20,24,4128,4128,0
2012-12-21,24,3623,3623,0
2012-12-22,24,1749,1749,0
2012-12-23,24,1787,1787,0
2012-12-24,23,920,920,0
2012-12-25,23,1013,1013,0
2012-12-26,24,441,441,0
2012-12-27,24,2114,2114,0
2012-12-28,24,3095,3095,0
2012-12-29,24,1341,1341,0
2012-12-30,24,1796,1796,0
2012-12-31,24,2729,2729,0
