hr,observations,mae,mean_bias
0,91,21.228775132364948,2.922987081881378
1,90,15.240531813556855,0.007750509255825142
2,90,11.46054783903088,4.210611194045289
3,87,6.574663024780016,2.7215872050787566
4,89,2.76874689363998,-0.6129228041232834
5,90,7.690723009942863,-3.299398838795723
6,90,18.692405252386415,-2.954048128002796
7,90,63.35665042908626,-15.530965249942629
8,90,110.33571040148978,-20.125183225928183
9,90,53.31771895387516,-0.7531408623350325
10,90,36.387535675954595,9.576252148990346
11,90,39.218382670517464,6.067125668561368
12,90,54.07945608106235,5.9896944149091516
13,91,51.229860164545876,14.82330743057492
14,91,52.52221779399137,16.82276674568645
15,91,61.61923945694562,4.627669551323804
16,91,58.52217326857694,-0.32425899455259716
17,91,98.66485164569976,42.04889852143738
18,91,105.83912936977808,63.90733864916256
19,91,83.80286182269083,63.18092298049151
20,91,57.463942022316346,41.03831228343686
21,91,50.05489776224077,33.526979972864154
22,91,35.148371418199744,23.918137173068235
23,91,30.453932585327674,8.18711151255467
