month,type,rentals
2011-01-01,casual,3073
2011-01-01,registered,35116
2011-02-01,casual,6242
2011-02-01,registered,41973
2011-03-01,casual,12826
2011-03-01,registered,51219
2011-04-01,casual,22346
2011-04-01,registered,72524
2011-05-01,casual,31050
2011-05-01,registered,104771
2011-06-01,casual,30612
2011-06-01,registered,112900
2011-07-01,casual,36452
2011-07-01,registered,104889
2011-08-01,casual,28842
2011-08-01,registered,107849
2011-09-01,casual,26545
2011-09-01,registered,100873
2011-10-01,casual,25222
2011-10-01,registered,98289
2011-11-01,casual,15594
2011-11-01,registered,86573
2011-12-01,casual,8448
2011-12-01,registered,78875
2012-01-01,casual,8969
2012-01-01,registered,87775
2012-02-01,casual,8721
2012-02-01,registered,94416
2012-03-01,casual,31618
2012-03-01,registered,133257
2012-04-01,casual,38456
2012-04-01,registered,135768
2012-05-01,casual,44235
2012-05-01,registered,151630
2012-06-01,casual,43294
2012-06-01,registered,159536
2012-07-01,casual,41705
2012-07-01,registered,161902
2012-08-01,casual,43197
2012-08-01,registered,171306
2012-09-01,casual,43778
2012-09-01,registered,174795
2012-10-01,casual,34538
2012-10-01,registered,164303
2012-11-01,casual,21009
2012-11-01,registered,131655
2012-12-01,casual,13245
2012-12-01,registered,110468
