hr,day_type,observations,mean_rentals
0,Weekend or holiday,230,90.8
0,Working day,496,36.78629032258065
1,Weekend or holiday,230,69.50869565217391
1,Working day,494,16.55263157894737
2,Weekend or holiday,228,53.171052631578945
2,Working day,487,8.683778234086242
3,Weekend or holiday,227,25.77533039647577
3,Working day,470,4.9425531914893615
4,Weekend or holiday,227,8.26431718061674
4,Working day,470,5.4297872340425535
5,Weekend or holiday,222,8.68918918918919
5,Working day,495,24.913131313131313
6,Weekend or holiday,229,18.74235807860262
6,Working day,496,102.5
7,Weekend or holiday,231,43.40692640692641
7,Working day,496,290.61290322580646
8,Weekend or holiday,231,105.65367965367966
8,Working day,496,477.00604838709677
9,Weekend or holiday,231,171.62337662337663
9,Working day,496,241.51814516129033
10,Weekend or holiday,231,255.9090909090909
10,Working day,496,135.36693548387098
11,Weekend or holiday,231,315.31601731601734
11,Working day,496,158.2298387096774
12,Weekend or holiday,231,366.2597402597403
12,Working day,497,200.8209255533199
13,Weekend or holiday,231,372.73160173160176
13,Working day,498,198.429718875502
14,Weekend or holiday,231,364.64502164502164
14,Working day,498,183.5722891566265
15,Weekend or holiday,231,358.8138528138528
15,Working day,498,201.33132530120483
16,Weekend or holiday,231,352.72727272727275
16,Working day,499,293.12224448897797
17,Weekend or holiday,231,323.54978354978357
17,Working day,499,525.2905811623247
18,Weekend or holiday,230,281.05652173913046
18,Working day,498,492.2269076305221
19,Weekend or holiday,230,231.67391304347825
19,Working day,498,348.4016064257028
20,Weekend or holiday,230,174.7391304347826
20,Working day,498,249.71887550200802
21,Weekend or holiday,230,142.0608695652174
21,Working day,498,186.2871485943775
22,Weekend or holiday,230,116.06086956521739
22,Working day,498,138.38955823293173
23,Weekend or holiday,230,85.9304347826087
23,Working day,498,88.70883534136546
