temp,weather,predicted
0.02,Clear,198.44645168619596
0.03240506329113924,Clear,202.97051964546077
0.04481012658227848,Clear,207.5984981292347
0.05721518987341773,Clear,212.33358237168957
0.06962025316455696,Clear,217.1790958229031
0.0820253164556962,Clear,222.13849565820937
0.09443037974683545,Clear,227.21537854858477
0.10683544303797468,Clear,232.4134867062161
0.11924050632911393,Clear,237.73671422019683
0.13164556962025317,Clear,243.1891136981902
0.1440506329113924,Clear,248.77490323080062
0.15645569620253164,Clear,254.4984736963948
0.16886075949367088,Clear,260.3643964251421
0.18126582278481013,Clear,266.37743124216166
0.19367088607594934,Clear,272.5425349108415
0.2060759493670886,Clear,278.8648699986451
0.21848101265822784,Clear,285.3498141890585
0.23088607594936708,Clear,292.00297006474653
0.24329113924050633,Clear,298.8301753885046
0.25569620253164554,Clear,305.8375139101942
0.2681012658227848,Clear,313.03132672956525
0.2805063291139241,Clear,320.4182242466998
0.2929113924050633,Clear,328.00509873374716
0.3053164556962025,Clear,335.79913756370183
0.3177215189873418,Clear,343.8078371341851
0.330126582278481,Clear,352.03901752654343
0.3425316455696203,Clear,360.50080333419163
0.3549367088607595,Clear,369.1945335409732
0.3673417721518987,Clear,378.1051007024698
0.379746835443038,Clear,387.21328214234967
0.3921518987341772,Clear,396.49761446459354
0.4045569620253165,Clear,405.9342738524817
0.4169620253164557,Clear,415.4969694815825
0.4293670886075949,Clear,425.15685279468744
0.4417721518987342,Clear,434.88244556619236
0.4541772151898734,Clear,444.63958983096757
0.4665822784810127,Clear,454.3914228601517
0.4789873417721519,Clear,464.0983804250517
0.4913924050632911,Clear,473.7182315917226
0.5037974683544304,Clear,483.2061482239057
0.5162025316455696,Clear,492.51481223229234
0.5286075949367088,Clear,501.59456338540195
0.5410126582278482,Clear,510.3935887111809
0.5534177215189874,Clear,518.8546819176183
0.5658227848101266,Clear,526.9077112661474
0.5782278481012658,Clear,534.4782220278505
0.590632911392405,Clear,541.4900474182289
0.6030379746835444,Clear,547.8659485030729
0.6154430379746836,Clear,553.5283433260081
0.6278481012658228,Clear,558.4001217925853
0.640253164556962,Clear,562.4055404429869
0.6526582278481012,Clear,565.4711886574439
0.6650632911392406,Clear,567.5280692054097
0.6774683544303798,Clear,568.550761494604
0.689873417721519,Clear,568.5691029836684
0.7022784810126582,Clear,567.6215962752216
0.7146835443037974,Clear,565.7515399115985
0.7270886075949368,Clear,563.0063485230446
0.739493670886076,Clear,559.4368718054141
0.7518987341772152,Clear,555.0967226784514
0.7643037974683544,Clear,550.0416238745651
0.7767088607594936,Clear,544.3287810251177
0.789113924050633,Clear,538.016289084041
0.8015189873417722,Clear,531.1625776911743
0.8139240506329114,Clear,523.8258998603685
0.8263291139240506,Clear,516.0638672061172
0.8387341772151898,Clear,507.9330338188407
0.8511392405063292,Clear,499.4885298800375
0.8635443037974684,Clear,490.7837451869943
0.8759493670886076,Clear,481.87006194123705
0.8883544303797468,Clear,472.7966354501408
0.900759493670886,Clear,463.6102207985379
0.9131645569620254,Clear,454.35504306518425
0.9255696202531646,Clear,445.07270828364
0.9379746835443038,Clear,435.8021520724236
0.950379746835443,Clear,426.5796226778174
0.9627848101265822,Clear,417.43869507576767
0.9751898734177216,Clear,408.41031275773423
0.9875949367088608,Clear,399.5228538694948
1,Clear,390.8022184722004
0.02,Mist,186.15172649887054
0.03240506329113924,Mist,190.3955063914286
0.04481012658227848,Mist,194.73675904489727
0.05721518987341773,Mist,199.17848173311344
0.06962025316455696,Mist,203.72379200221934
0.0820253164556962,Mist,208.37593283868205
0.09443037974683545,Mist,213.13827808217593
0.10683544303797468,Mist,218.0143380965977
0.11924050632911393,Mist,223.00776571323598
0.13164556962025317,Mist,228.122362460952
0.1440506329113924,Mist,233.362085099072
0.15645569620253164,Mist,238.73105246964082
0.16886075949367088,Mist,244.23355268663627
0.18126582278481013,Mist,249.87405068080562
0.19367088607594934,Mist,255.65719611987873
0.2060759493670886,Mist,261.5878317250952
0.21848101265822784,Mist,267.6710020062309
0.23088607594936708,Mist,273.9119624386395
0.24329113924050633,Mist,280.3161891072498
0.25569620253164554,Mist,286.88938884395895
0.2681012658227848,Mist,293.63750988647183
0.2805063291139241,Mist,300.5667530883571
0.2929113924050633,Mist,307.68358371190175
0.3053164556962025,Mist,314.994743837302
0.3177215189873418,Mist,322.507265423799
0.330126582278481,Mist,330.2284840605729
0.3425316455696203,Mist,338.1660209828669
0.3549367088607595,Mist,346.3211322179462
0.3673417721518987,Mist,354.6796463012298
0.379746835443038,Mist,363.22353149490266
0.3921518987341772,Mist,371.93265416497144
0.4045569620253165,Mist,380.78466649631287
0.4169620253164557,Mist,389.754906509247
0.4293670886075949,Mist,398.81631295533265
0.4417721518987342,Mist,407.9393578385106
0.4541772151898734,Mist,417.0919994461247
0.4665822784810127,Mist,426.2396588750866
0.4789873417721519,Mist,435.3452230935632
0.4913924050632911,Mist,444.36907757985904
0.5037974683544304,Mist,453.2691715193119
0.5162025316455696,Mist,462.00111840894033
0.5286075949367088,Mist,470.5183347107172
0.5410126582278482,Mist,478.7722175188168
0.5534177215189874,Mist,486.70910474992144
0.5658227848101266,Mist,494.2632096685887
0.5782278481012658,Mist,501.3646903793539
0.590632911392405,Mist,507.9420990013607
0.6030379746835444,Mist,513.9229819289459
0.6154430379746836,Mist,519.2345637861739
0.6278481012658228,Mist,523.8045118248893
0.640253164556962,Mist,527.5617752618897
0.6526582278481012,Mist,530.4374916232075
0.6650632911392406,Mist,532.3669383931157
0.6774683544303798,Mist,533.3262699089628
0.689873417721519,Mist,533.3434750533572
0.7022784810126582,Mist,532.4546710049711
0.7146835443037974,Mist,530.7004737503429
0.7270886075949368,Mist,528.1253603522096
0.739493670886076,Mist,524.7770301198547
0.7518987341772152,Mist,520.7057743912603
0.7643037974683544,Mist,515.9638636038915
0.7767088607594936,Mist,510.60495922134805
0.789113924050633,Mist,504.683556931929
0.8015189873417722,Mist,498.25446637441934
0.8139240506329114,Mist,491.37233150445394
0.8263291139240506,Mist,484.09119461612926
0.8387341772151898,Mist,476.4641059982406
0.8511392405063292,Mist,468.542780248761
0.8635443037974684,Mist,460.37729940673864
0.8759493670886076,Mist,452.01586229580647
0.8883544303797468,Mist,443.5045788123963
0.900759493670886,Mist,434.8873073358843
0.9131645569620254,Mist,426.20553298578375
0.9255696202531646,Mist,417.49828409902943
0.9379746835443038,Mist,408.8020840427459
0.950379746835443,Mist,400.1509353076337
0.9627848101265822,Mist,391.576332736188
0.9751898734177216,Mist,383.10730271971073
0.9875949367088608,Mist,374.77046523949394
1,Mist,366.5901157216274
0.02,Adverse,122.24533512101526
0.03240506329113924,Adverse,125.03221389406136
0.04481012658227848,Adverse,127.88310276546525
0.05721518987341773,Adverse,130.79997003684613
0.06962025316455696,Adverse,133.78486299232037
0.0820253164556962,Adverse,136.83991129232643
0.09443037974683545,Adverse,139.9673305282495
0.10683544303797468,Adverse,143.16942594656294
0.11924050632911393,Adverse,146.44859635169067
0.13164556962025317,Adverse,149.8073381973494
0.1440506329113924,Adverse,153.24824987668353
0.15645569620253164,Adverse,156.77403622211884
0.16886075949367088,Adverse,160.38751322650296
0.18126582278481013,Adverse,164.09161299777654
0.19367088607594934,Adverse,167.8893889601573
0.2060759493670886,Adverse,171.78402131558008
0.21848101265822784,Adverse,175.77882277996585
0.23088607594936708,Adverse,179.87724460975954
0.24329113924050633,Adverse,184.08288293511774
0.25569620253164554,Adverse,188.39948541710558
0.2681012658227848,Adverse,192.83095824733041
0.2805063291139241,Adverse,197.38137350955265
0.2929113924050633,Adverse,202.05497692402307
0.3053164556962025,Adverse,206.85619599656508
0.3177215189873418,Adverse,211.7896485957851
0.330126582278481,Adverse,216.8601519832507
0.3425316455696203,Adverse,222.07271100352443
0.3549367088607595,Adverse,227.42815048631343
0.3673417721518987,Adverse,232.91716406917143
0.379746835443038,Adverse,238.52791035866315
0.3921518987341772,Adverse,244.2471676518212
0.4045569620253165,Adverse,250.06026019892
0.4169620253164557,Adverse,255.95099254463244
0.4293670886075949,Adverse,261.9015936403262
0.4417721518987342,Adverse,267.89267253088315
0.4541772151898734,Adverse,273.90318751029787
0.4665822784810127,Adverse,279.91043070647174
0.4789873417721519,Adverse,285.89003009181675
0.4913924050632911,Adverse,291.8159709171214
0.5037974683544304,Adverse,297.6606385261725
0.5162025316455696,Adverse,303.39488442255964
0.5286075949367088,Adverse,308.98811732290136
0.5410126582278482,Adverse,314.40841983044663
0.5534177215189874,Adverse,319.62055220027446
0.5658227848101266,Adverse,324.58131246121883
0.5782278481012658,Adverse,329.24483562949916
0.590632911392405,Adverse,333.56420207507443
0.6030379746835444,Adverse,337.4918317111426
0.6154430379746836,Adverse,340.97993314523495
0.6278481012658228,Adverse,343.9810056573496
0.640253164556962,Adverse,346.44839039039846
0.6526582278481012,Adverse,348.3368655440491
0.6650632911392406,Adverse,349.603928017343
0.6774683544303798,Adverse,350.23391842813646
0.689873417721519,Adverse,350.24521699990856
0.7022784810126582,Adverse,349.6615417861703
0.7146835443037974,Adverse,348.50956519538835
0.7270886075949368,Adverse,346.81849519431915
0.739493670886076,Adverse,344.61965579031
0.7518987341772152,Adverse,341.94607316894013
0.7643037974683544,Adverse,338.8320731850651
0.7767088607594936,Adverse,335.31289517663834
0.789113924050633,Adverse,331.4243263147174
0.8015189873417722,Adverse,327.2023599407928
0.8139240506329114,Adverse,322.6828805926816
0.8263291139240506,Adverse,317.90137769869324
0.8387341772151898,Adverse,312.8926892399421
0.8511392405063292,Adverse,307.6907760529928
0.8635443037974684,Adverse,302.3285268773815
0.8759493670886076,Adverse,296.8375937501754
0.8883544303797468,Adverse,291.2482569156027
0.900759493670886,Adverse,285.5893180527321
0.9131645569620254,Adverse,279.888020327301
0.9255696202531646,Adverse,274.16999354257587
0.9379746835443038,Adverse,268.45922249492605
0.950379746835443,Adverse,262.7780365279941
0.9627848101265822,Adverse,257.147118219631
0.9751898734177216,Adverse,251.5855291224679
0.9875949367088608,Adverse,246.11075050619348
1,Adverse,240.73873711138535
