weekday,hr,observations,mean_rentals,weekday_name
0,0,104,93.99038461538461,Sun
0,1,104,77.4326923076923,Sun
0,2,102,61.627450980392155,Sun
0,3,104,31.14423076923077,Sun
0,4,102,9.362745098039216,Sun
0,5,98,8.693877551020408,Sun
0,6,103,14.495145631067961,Sun
0,7,105,33.10476190476191,Sun
0,8,105,83.85714285714286,Sun
0,9,105,156.54285714285714,Sun
0,10,105,258.5809523809524,Sun
0,11,105,315.3809523809524,Sun
0,12,105,372.96190476190475,Sun
0,13,105,374.93333333333334,Sun
0,14,105,363.62857142857143,Sun
0,15,105,353.93333333333334,Sun
0,16,105,355.4,Sun
0,17,105,318.77142857142854,Sun
0,18,105,272.62857142857143,Sun
0,19,105,225.47619047619048,Sun
0,20,105,168.02857142857144,Sun
0,21,105,127.64761904761905,Sun
0,22,105,94.12380952380953,Sun
0,23,105,61.89523809523809,Sun
1,0,105,34.00952380952381,Mon
1,1,104,17.307692307692307,Mon
1,2,99,10.313131313131313,Mon
1,3,97,5.11340206185567,Mon
1,4,98,5.785714285714286,Mon
1,5,104,21.653846153846153,Mon
1,6,104,85.86538461538461,Mon
1,7,104,248.53846153846155,Mon
1,8,104,412.1923076923077,Mon
1,9,104,218.44230769230768,Mon
1,10,104,139.02884615384616,Mon
1,11,104,163.69230769230768,Mon
1,12,104,207.5096153846154,Mon
1,13,104,205.6153846153846,Mon
1,14,104,192.70192307692307,Mon
1,15,104,202.3653846153846,Mon
1,16,104,284.4519230769231,Mon
1,17,104,502.3942307692308,Mon
1,18,104,481.34615384615387,Mon
1,19,104,344.5769230769231,Mon
1,20,104,242.07692307692307,Mon
1,21,104,174.53846153846155,Mon
1,22,104,115.75961538461539,Mon
1,23,104,65.40384615384616,Mon
2,0,101,27.623762376237625,Tue
2,1,100,12.54,Tue
2,2,101,6.801980198019802,Tue
2,3,92,4.1521739130434785,Tue
2,4,99,5.1313131313131315,Tue
2,5,101,24.455445544554454,Tue
2,6,102,106.5,Tue
2,7,102,299.69607843137254,Tue
2,8,102,471.7843137254902,Tue
2,9,102,236.45098039215685,Tue
2,10,102,129.22549019607843,Tue
2,11,102,146.31372549019608,Tue
2,12,103,182.7766990291262,Tue
2,13,104,182.9903846153846,Tue
2,14,104,168.3653846153846,Tue
2,15,104,186.90384615384616,Tue
2,16,104,286.7019230769231,Tue
2,17,104,544.2788461538462,Tue
2,18,104,517.5673076923077,Tue
2,19,104,353.9230769230769,Tue
2,20,104,253.19230769230768,Tue
2,21,104,186.23076923076923,Tue
2,22,104,132.27884615384616,Tue
2,23,104,76.17307692307692,Tue
3,0,104,34.55769230769231,Wed
3,1,104,15.336538461538462,Wed
3,2,102,7.813725490196078,Wed
3,3,99,4.888888888888889,Wed
3,4,96,4.96875,Wed
3,5,104,25.75,Wed
3,6,104,107.8076923076923,Wed
3,7,104,303.9807692307692,Wed
3,8,104,488.3269230769231,Wed
3,9,104,238.52884615384616,Wed
3,10,104,131.89423076923077,Wed
3,11,104,152.20192307692307,Wed
3,12,104,193.90384615384616,Wed
3,13,104,185.82692307692307,Wed
3,14,104,170.54807692307693,Wed
3,15,104,181.28846153846155,Wed
3,16,104,272.96153846153845,Wed
3,17,104,513.1442307692307,Wed
3,18,103,494.02912621359224,Wed
3,19,103,357.50485436893206,Wed
3,20,103,256.6601941747573,Wed
3,21,103,194.66990291262135,Wed
3,22,103,143.6893203883495,Wed
3,23,103,83.7378640776699,Wed
4,0,103,39.271844660194176,Thu
4,1,103,17.223300970873787,Thu
4,2,102,9.156862745098039,Thu
4,3,98,5.071428571428571,Thu
4,4,100,5.28,Thu
4,5,103,25.9126213592233,Thu
4,6,103,107.4368932038835,Thu
4,7,103,304.7378640776699,Thu
4,8,103,488.5728155339806,Thu
4,9,103,240.873786407767,Thu
4,10,103,132.5631067961165,Thu
4,11,103,158.83495145631068,Thu
4,12,103,199.51456310679612,Thu
4,13,103,196.4368932038835,Thu
4,14,103,177.5631067961165,Thu
4,15,103,196.4757281553398,Thu
4,16,104,286.2980769230769,Thu
4,17,104,527.3461538461538,Thu
4,18,104,502.09615384615387,Thu
4,19,104,358.4519230769231,Thu
4,20,104,268.91346153846155,Thu
4,21,104,197.8846153846154,Thu
4,22,104,147.2403846153846,Thu
4,23,104,96.75,Thu
5,0,104,52.43269230769231,Fri
5,1,104,24.721153846153847,Fri
5,2,104,12.740384615384615,Fri
5,3,102,6.598039215686274,Fri
5,4,97,6.072164948453608,Fri
5,5,104,23.903846153846153,Fri
5,6,104,90.02884615384616,Fri
5,7,104,254.32692307692307,Fri
5,8,104,462.27884615384613,Fri
5,9,104,258.99038461538464,Fri
5,10,104,157.73076923076923,Fri
5,11,104,188.1153846153846,Fri
5,12,104,237.64423076923077,Fri
5,13,104,241.47115384615384,Fri
5,14,104,229.3653846153846,Fri
5,15,104,252.46153846153845,Fri
5,16,104,330.99038461538464,Fri
5,17,104,492.41346153846155,Fri
5,18,104,420.99038461538464,Fri
5,19,104,302.0673076923077,Fri
5,20,104,213.32692307692307,Fri
5,21,104,169.875,Fri
5,22,104,147.06730769230768,Fri
5,23,104,115.21153846153847,Fri
6,0,105,94.3047619047619,Sat
6,1,105,67.78095238095239,Sat
6,2,105,50.49523809523809,Sat
6,3,105,22.885714285714286,Sat
6,4,105,7.6571428571428575,Sat
6,5,103,8.29126213592233,Sat
6,6,105,21,Sat
6,7,105,45.96190476190476,Sat
6,8,105,114.47619047619048,Sat
6,9,105,186.7904761904762,Sat
6,10,105,263.7238095238095,Sat
6,11,105,328.6095238095238,Sat
6,12,105,375.3809523809524,Sat
6,13,105,385.37142857142857,Sat
6,14,105,381.3333333333333,Sat
6,15,105,382.42857142857144,Sat
6,16,105,366.14285714285717,Sat
6,17,105,334.4095238095238,Sat
6,18,104,292.0480769230769,Sat
6,19,104,239.93269230769232,Sat
6,20,104,180.8653846153846,Sat
6,21,104,156,Sat
6,22,104,139.66346153846155,Sat
6,23,104,115.85576923076923,Sat
